cycle,timestamp_ms,capture_us,detect_us,embed_us,match_us,publish_us,total_us
1,1779561817295,1143,35858,,,,37001
2,1779561817320,461,14115,,,,14576
3,1779561817345,505,15068,,,,15573
4,1779561817369,510,13308,,,,13818
5,1779561817393,429,12734,,,,13163
6,1779561817416,441,12732,,,,13173
7,1779561817440,513,13110,,,,13623
8,1779561817466,458,15086,,,,15544
9,1779561817489,476,12709,,,,13185
10,1779561817512,449,12627,,,,13076
11,1779561817536,454,13077,,,,13531
12,1779561817559,460,12923,,,,13383
13,1779561817584,1156,13222,,,,14378
14,1779561817609,513,14722,,,,15235
15,1779561817634,488,13931,,,,14419
16,1779561817657,464,12813,,,,13277
17,1779561817682,497,14585,,,,15082
18,1779561817708,529,14793,,,,15322
19,1779561817732,501,13655,,,,14156
20,1779561817756,467,12828,,,,13295
21,1779561817780,519,13678,,,,14197
22,1779561817804,515,13133,,,,13648
23,1779561817828,454,13169,,,,13623
24,1779561817851,463,12806,,,,13269
25,1779561817877,506,15155,,,,15661
26,1779561817901,485,13429,,,,13914
27,1779561817925,447,12789,,,,13236
28,1779561817949,510,14210,,,,14720
29,1779561817973,504,12808,,,,13312
30,1779561817997,465,12807,,,,13272
31,1779561818020,451,12777,,,,13228
32,1779561818044,518,13150,,,,13668
33,1779561818070,467,15420,,,,15887
34,1779561818093,494,12863,,,,13357
35,1779561818118,1573,12795,,,,14368
36,1779561818143,526,14888,,,,15414
37,1779561818168,506,14366,,,,14872
38,1779561818192,380,12776,,,,13156
39,1779561818215,454,12823,,,,13277
40,1779561818240,513,14236,,,,14749
41,1779561818264,374,13461,,,,13835
42,1779561818288,430,12879,,,,13309
43,1779561818313,512,14328,,,,14840
44,1779561818338,689,14366,,,,15055
45,1779561818362,508,13088,,,,13596
46,1779561818385,463,12963,,,,13426
47,1779561818411,506,14775,,,,15281
48,1779561818435,507,13749,,,,14256
49,1779561818458,457,12791,,,,13248
50,1779561818482,840,12780,,,,13620
51,1779561818508,498,15207,,,,15705
52,1779561818533,439,14733,,,,15172
53,1779561818557,510,13348,,,,13858
54,1779561818581,429,12791,,,,13220
55,1779561818606,508,14944,,,,15452
56,1779561818630,516,12847,,,,13363
57,1779561818654,1242,12995,,,,14237
58,1779561818678,503,13136,,,,13639
59,1779561818701,467,12850,,,,13317
60,1779561818727,483,14855,,,,15338
61,1779561818753,501,15192,,,,15693
62,1779561818778,484,14874,,,,15358
63,1779561818802,475,13301,,,,13776
64,1779561818826,460,12886,,,,13346
65,1779561818849,453,12762,,,,13215
66,1779561818873,522,13776,,,,14298
67,1779561818897,455,12762,,,,13217
68,1779561818920,461,12753,,,,13214
69,1779561818944,518,13104,,,,13622
70,1779561818969,485,14603,,,,15088
71,1779561818994,514,14117,,,,14631
72,1779561819020,397,15115,,,,15512
73,1779561819044,509,13655,,,,14164
74,1779561819070,457,15037,,,,15494
75,1779561819093,487,13038,,,,13525
76,1779561819118,504,14439,,,,14943
77,1779561819142,597,13172,,,,13769
78,1779561819166,534,12919,,,,13453
79,1779561819191,521,14272,,,,14793
80,1779561819215,634,13291,,,,13925
81,1779561819241,511,14748,,,,15259
82,1779561819264,511,13081,,,,13592
83,1779561819288,441,12808,,,,13249
84,1779561819313,516,14537,,,,15053
85,1779561819337,503,13057,,,,13560
86,1779561819360,453,12779,,,,13232
87,1779561819386,512,15219,,,,15731
88,1779561819411,488,14754,,,,15242
89,1779561819436,504,14562,,,,15066
90,1779561819462,443,14635,,,,15078
91,1779561819485,455,12831,,,,13286
92,1779561819511,513,15236,,,,15749
93,1779561819534,451,12777,,,,13228
94,1779561819558,491,12789,,,,13280
95,1779561819585,480,17016,,,,17496
96,1779561819613,503,17096,,,,17599
97,1779561819637,514,12983,,,,13497
98,1779561819660,464,12778,,,,13242
99,1779561819688,509,17141,,,,17650
100,1779561819715,475,16894,,,,17369
101,1779561819743,474,17113,,,,17587
102,1779561819767,514,13127,,,,13641
103,1779561819791,464,12783,,,,13247
104,1779561819818,544,16516,,,,17060
105,1779561819846,519,17674,,,,18193
106,1779561819870,463,13474,,,,13937
107,1779561819894,447,12826,,,,13273
108,1779561819921,541,16663,,,,17204
109,1779561819945,513,12771,,,,13284
110,1779561819972,534,16664,,,,17198
111,1779561819996,457,12795,,,,13252
112,1779561820024,516,17438,,,,17954
113,1779561820048,491,13787,,,,14278
114,1779561820076,460,17292,,,,17752
115,1779561820099,458,12720,,,,13178
116,1779561820125,2257,12969,,,,15226
117,1779561820148,468,12825,,,,13293
118,1779561820176,494,17112,,,,17606
119,1779561820205,480,18124,,,,18604
120,1779561820228,496,12654,,,,13150
121,1779561820252,443,12755,,,,13198
122,1779561820275,472,13336,,,,13808
123,1779561820299,458,12973,,,,13431
124,1779561820323,423,12750,,,,13173
125,1779561820350,492,16783,,,,17275
126,1779561820378,544,17399,,,,17943
127,1779561820402,518,12824,,,,13342
128,1779561820425,453,12847,,,,13300
129,1779561820453,508,17389,,,,17897
130,1779561820482,456,17549,,,,18005
131,1779561820505,457,12982,,,,13439
132,1779561820528,455,12765,,,,13220
133,1779561820556,513,17304,,,,17817
134,1779561820580,455,12790,,,,13245
135,1779561820603,455,12774,,,,13229
136,1779561820628,517,13811,,,,14328
137,1779561820656,462,17433,,,,17895
138,1779561820679,514,13013,,,,13527
139,1779561820703,461,12759,,,,13220
140,1779561820729,453,12794,,,,13247
141,1779561820756,721,15949,,,,16670
142,1779561820784,517,17465,,,,17982
143,1779561820812,513,17116,,,,17629
144,1779561820835,455,12704,,,,13159
145,1779561820859,459,12753,,,,13212
146,1779561820886,525,16992,,,,17517
147,1779561820910,511,12987,,,,13498
148,1779561820933,459,12810,,,,13269
149,1779561820958,448,12705,,,,13153
150,1779561820986,513,17372,,,,17885
151,1779561821014,484,17438,,,,17922
152,1779561821042,477,17145,,,,17622
153,1779561821065,480,12817,,,,13297
154,1779561821092,747,13920,,,,14667
155,1779561821119,519,16508,,,,17027
156,1779561821147,373,17515,,,,17888
157,1779561821171,517,12886,,,,13403
158,1779561821194,475,12745,,,,13220
159,1779561821221,770,15969,,,,16739
160,1779561821249,514,17786,,,,18300
161,1779561821273,482,12789,,,,13271
162,1779561821299,605,13417,,,,14022
163,1779561821323,459,12813,,,,13272
164,1779561821346,534,13114,,,,13648
165,1779561821374,487,17216,,,,17703
166,1779561821398,504,12901,,,,13405
167,1779561821421,453,12786,,,,13239
168,1779561821449,489,17126,,,,17615
169,1779561821478,506,17856,,,,18362
170,1779561821502,484,13221,,,,13705
171,1779561821525,457,12889,,,,13346
172,1779561821553,827,17198,,,,18025
173,1779561821577,492,12677,,,,13169
174,1779561821600,440,12763,,,,13203
175,1779561821628,514,17787,,,,18301
176,1779561821656,474,17051,,,,17525
177,1779561821684,490,17220,,,,17710
178,1779561821711,514,16670,,,,17184
179,1779561821734,357,12694,,,,13051
180,1779561821758,468,12779,,,,13247
181,1779561821782,516,13153,,,,13669
182,1779561821805,461,12824,,,,13285
183,1779561821830,705,13637,,,,14342
184,1779561821853,513,13110,,,,13623
185,1779561821877,462,12740,,,,13202
186,1779561821900,454,12842,,,,13296
187,1779561821925,518,13730,,,,14248
188,1779561821953,459,17676,,,,18135
189,1779561821981,483,16995,,,,17478
190,1779561822004,512,13119,,,,13631
191,1779561822028,439,12819,,,,13258
192,1779561822056,512,17548,,,,18060
193,1779561822084,511,17376,,,,17887
194,1779561822112,492,17628,,,,18120
195,1779561822136,505,12843,,,,13348
196,1779561822163,536,16579,,,,17115
197,1779561822192,514,17918,,,,18432
198,1779561822219,449,16963,,,,17412
199,1779561822247,498,16949,,,,17447
200,1779561822271,499,13041,,,,13540
201,1779561822294,455,12955,,,,13410
202,1779561822324,512,18903,,,,19415
203,1779561822352,506,17730,,,,18236
204,1779561822376,468,12715,,,,13183
205,1779561822399,458,12791,,,,13249
206,1779561822427,518,16868,,,,17386
207,1779561822454,513,17240,,,,17753
208,1779561822478,508,12945,,,,13453
209,1779561822502,678,13430,,,,14108
210,1779561822530,553,16534,,,,17087
211,1779561822558,508,17521,,,,18029
212,1779561822586,484,17216,,,,17700
213,1779561822610,451,13487,,,,13938
214,1779561822633,435,12783,,,,13218
215,1779561822658,717,13758,,,,14475
216,1779561822681,519,12948,,,,13467
217,1779561822705,456,13118,,,,13574
218,1779561822728,453,12748,,,,13201
219,1779561822752,517,12930,,,,13447
220,1779561822775,454,12808,,,,13262
221,1779561822802,499,12750,,,,13249
222,1779561822826,507,13677,,,,14184
223,1779561822854,435,17307,,,,17742
224,1779561822882,503,17261,,,,17764
225,1779561822905,495,12843,,,,13338
226,1779561822929,443,12824,,,,13267
227,1779561822957,519,17265,,,,17784
228,1779561822985,499,17683,,,,18182
229,1779561823008,485,12785,,,,13270
230,1779561823032,435,12766,,,,13201
231,1779561823060,516,17351,,,,17867
232,1779561823083,517,12864,,,,13381
233,1779561823109,442,12847,,,,13289
234,1779561823136,718,13846,,,,14564
235,1779561823163,520,17246,,,,17766
236,1779561823191,501,17320,,,,17821
237,1779561823219,502,17363,,,,17865
238,1779561823247,509,17117,,,,17626
239,1779561823271,479,12764,,,,13243
240,1779561823295,706,13620,,,,14326
241,1779561823323,497,17316,,,,17813
242,1779561823351,504,17316,,,,17820
243,1779561823380,452,17972,,,,18424
244,1779561823407,498,17216,,,,17714
245,1779561823431,457,12696,,,,13153
246,1779561823458,524,16799,,,,17323
247,1779561824543,515,17279,656200,9,96,674099
248,1779561825796,473,17234,635298,9,,653014
249,1779561826443,404,12990,634320,9,,647723
250,1779561827094,353,12817,636939,9,,650118
251,1779561827743,348,13061,635772,8,70,649259
252,1779561833846,655,29475,672030,9,76,702245
253,1779561835093,469,14178,633436,9,,648092
254,1779561835743,350,14142,634948,9,,649449
255,1779561836394,349,15385,635308,9,,651051
256,1779561837042,349,12818,634528,9,,647704
257,1779561837057,351,14370,,,,14721
258,1779561837081,479,13995,,,,14474
259,1779561837105,378,12742,,,,13120
260,1779561837130,508,14537,,,,15045
261,1779561837154,485,13182,,,,13667
262,1779561837177,454,12819,,,,13273
263,1779561837201,1310,12922,,,,14232
264,1779561837227,482,14451,,,,14933
265,1779561837250,517,12823,,,,13340
266,1779561837273,459,12887,,,,13346
267,1779561837298,1064,13030,,,,14094
268,1779561837322,512,14040,,,,14552
269,1779561837346,483,12695,,,,13178
270,1779561837369,462,12791,,,,13253
271,1779561837393,516,12913,,,,13429
272,1779561837419,483,15650,,,,16133
273,1779561837442,396,12734,,,,13130
274,1779561837466,733,13281,,,,14014
275,1779561837490,537,12855,,,,13392
276,1779561837515,508,14703,,,,15211
277,1779561837539,444,12803,,,,13247
278,1779561837562,518,12736,,,,13254
279,1779561837586,508,13091,,,,13599
280,1779561837609,459,12756,,,,13215
281,1779561837634,575,13518,,,,14093
282,1779561837658,512,13902,,,,14414
283,1779561837681,438,12769,,,,13207
284,1779561837706,840,13341,,,,14181
285,1779561837729,421,12836,,,,13257
286,1779561837754,514,14433,,,,14947
287,1779561837779,485,13834,,,,14319
288,1779561837802,421,12731,,,,13152
289,1779561837827,505,14298,,,,14803
290,1779561837851,504,12971,,,,13475
291,1779561837874,484,12762,,,,13246
292,1779561837898,497,12825,,,,13322
293,1779561837921,512,13075,,,,13587
294,1779561837945,466,12948,,,,13414
295,1779561837968,459,12751,,,,13210
296,1779561837992,461,12795,,,,13256
297,1779561838016,516,13664,,,,14180
298,1779561838040,387,13074,,,,13461
299,1779561838063,453,12933,,,,13386
300,1779561838088,518,14435,,,,14953
301,1779561838112,468,12756,,,,13224
302,1779561838136,560,13492,,,,14052
303,1779561838161,521,14338,,,,14859
304,1779561838185,469,12940,,,,13409
305,1779561838208,443,12888,,,,13331
306,1779561838232,459,12812,,,,13271
307,1779561838257,534,14288,,,,14822
308,1779561838280,473,12746,,,,13219
309,1779561838304,718,13135,,,,13853
310,1779561838329,522,13887,,,,14409
311,1779561838353,380,14242,,,,14622
312,1779561838377,468,12670,,,,13138
313,1779561838401,681,13124,,,,13805
314,1779561838425,578,13759,,,,14337
315,1779561838450,518,14259,,,,14777
316,1779561838474,479,12962,,,,13441
317,1779561838498,534,13205,,,,13739
318,1779561838521,510,13098,,,,13608
319,1779561838545,462,12741,,,,13203
320,1779561838569,809,13253,,,,14062
321,1779561838593,517,13172,,,,13689
322,1779561838616,455,12980,,,,13435
323,1779561838640,462,12799,,,,13261
324,1779561838665,525,14606,,,,15131
325,1779561838689,539,13180,,,,13719
326,1779561838712,512,12813,,,,13325
327,1779561838736,567,13151,,,,13718
328,1779561838761,521,14055,,,,14576
329,1779561838784,420,12735,,,,13155
330,1779561838808,465,12789,,,,13254
331,1779561838833,491,14323,,,,14814
332,1779561838858,511,15018,,,,15529
333,1779561838882,513,12817,,,,13330
334,1779561838905,447,12829,,,,13276
335,1779561838931,539,14600,,,,15139
336,1779561838955,521,13851,,,,14372
337,1779561838978,381,12664,,,,13045
338,1779561839002,486,12782,,,,13268
339,1779561839025,515,12882,,,,13397
340,1779561839050,514,14420,,,,14934
341,1779561839074,491,13060,,,,13551
342,1779561839098,411,12982,,,,13393
343,1779561839121,462,12805,,,,13267
344,1779561839146,534,13864,,,,14398
345,1779561839169,513,13130,,,,13643
346,1779561839194,458,14287,,,,14745
347,1779561839218,479,12869,,,,13348
348,1779561839242,519,13239,,,,13758
349,1779561839266,561,13293,,,,13854
350,1779561839289,475,13071,,,,13546
351,1779561839313,464,12773,,,,13237
352,1779561839336,460,12800,,,,13260
353,1779561839361,516,13895,,,,14411
354,1779561839384,411,12916,,,,13327
355,1779561839408,446,12779,,,,13225
356,1779561839432,1316,12903,,,,14219
357,1779561839456,515,12913,,,,13428
358,1779561839479,462,12795,,,,13257
359,1779561839502,463,12778,,,,13241
360,1779561839527,529,14386,,,,14915
361,1779561839551,483,12730,,,,13213
362,1779561839574,447,12799,,,,13246
363,1779561839599,511,14377,,,,14888
364,1779561839624,629,14300,,,,14929
365,1779561839648,504,12798,,,,13302
366,1779561839672,956,12789,,,,13745
367,1779561839696,517,13858,,,,14375
368,1779561839720,367,13014,,,,13381
369,1779561839743,452,12821,,,,13273
370,1779561839768,517,13624,,,,14141
371,1779561840825,383,13018,633571,9,76,647057
372,1779561842072,491,12776,633534,9,,646810
373,1779561842720,540,14368,633271,9,,648188
374,1779561843367,383,14340,632231,9,,646963
375,1779561844017,354,15167,634642,9,,650172
376,1779561844666,349,13621,635199,8,,649177
377,1779561845316,349,12781,636680,10,,649820
378,1779561845968,837,13247,637065,9,,651158
379,1779561846619,352,15017,636048,8,,651425
380,1779561846637,348,17165,,,,17513
381,1779561846660,486,12712,,,,13198
382,1779561846684,634,13435,,,,14069
383,1779561846710,515,15156,,,,15671
384,1779561846734,479,13065,,,,13544
385,1779561846757,435,12787,,,,13222
386,1779561846782,497,14267,,,,14764
387,1779561846806,517,12856,,,,13373
388,1779561846829,451,12694,,,,13145
389,1779561846853,511,13825,,,,14336
390,1779561846877,517,12672,,,,13189
391,1779561846900,447,12687,,,,13134
392,1779561846925,529,13851,,,,14380
393,1779561846948,522,12790,,,,13312
394,1779561846971,466,12747,,,,13213
395,1779561846996,1208,12885,,,,14093
396,1779561847021,524,14276,,,,14800
397,1779561847045,499,13633,,,,14132
398,1779561847068,430,12706,,,,13136
399,1779561847091,465,12723,,,,13188
400,1779561847116,514,14343,,,,14857
401,1779561847140,467,12823,,,,13290
402,1779561847163,459,12703,,,,13162
403,1779561847187,558,13113,,,,13671
404,1779561847212,533,13955,,,,14488
405,1779561847235,516,12782,,,,13298
406,1779561847259,461,12721,,,,13182
407,1779561847284,526,14666,,,,15192
408,1779561847308,507,13880,,,,14387
409,1779561847332,488,13002,,,,13490
410,1779561847356,583,13105,,,,13688
411,1779561847380,523,13835,,,,14358
412,1779561847405,450,14211,,,,14661
413,1779561847429,497,12687,,,,13184
414,1779561847453,510,14203,,,,14713
415,1779561847477,505,13335,,,,13840
416,1779561847501,371,12786,,,,13157
417,1779561847524,458,12687,,,,13145
418,1779561847547,445,12754,,,,13199
419,1779561847573,511,14474,,,,14985
420,1779561847596,502,12738,,,,13240
421,1779561847620,497,13324,,,,13821
422,1779561847644,514,13524,,,,14038
423,1779561847667,444,12729,,,,13173
424,1779561847692,514,14037,,,,14551
425,1779561847717,519,13893,,,,14412
426,1779561847740,480,12680,,,,13160
427,1779561847764,533,13712,,,,14245
428,1779561847789,519,13945,,,,14464
429,1779561847812,486,12726,,,,13212
430,1779561847836,461,12781,,,,13242
431,1779561847860,545,13790,,,,14335
432,1779561847884,516,13050,,,,13566
433,1779561847907,425,12742,,,,13167
434,1779561847931,397,12879,,,,13276
435,1779561847955,1142,12818,,,,13960
436,1779561847978,516,12754,,,,13270
437,1779561848002,420,12748,,,,13168
438,1779561848025,463,12728,,,,13191
439,1779561848049,513,13488,,,,14001
440,1779561848073,400,13489,,,,13889
441,1779561848096,373,12700,,,,13073
442,1779561848121,522,13997,,,,14519
443,1779561848145,513,12734,,,,13247
444,1779561848168,465,12736,,,,13201
445,1779561848193,520,13991,,,,14511
446,1779561848851,485,13679,633905,8,166,648243
447,1779561854538,539,23215,662507,8,68,686337
448,1779561859563,589,24705,,,,25294
449,1779561859595,749,21076,,,,21825
450,1779561859627,552,21026,,,,21578
451,1779561859659,574,21908,,,,22482
452,1779561859684,496,13931,,,,14427
453,1779561859707,505,12789,,,,13294
454,1779561859731,442,12803,,,,13245
455,1779561859755,1224,13030,,,,14254
456,1779561859779,516,12989,,,,13505
457,1779561859802,472,12722,,,,13194
458,1779561859826,1242,12915,,,,14157
459,1779561859851,532,13910,,,,14442
460,1779561859874,441,12775,,,,13216
461,1779561859898,466,12649,,,,13115
462,1779561859922,509,13943,,,,14452
463,1779561859947,502,14153,,,,14655
464,1779561859970,480,12725,,,,13205
465,1779561859994,573,12733,,,,13306
466,1779561860018,508,13428,,,,13936
467,1779561860041,381,12732,,,,13113
468,1779561860066,573,13828,,,,14401
469,1779561860090,487,13931,,,,14418
470,1779561860115,542,13796,,,,14338
471,1779561860138,492,12728,,,,13220
472,1779561860163,553,13860,,,,14413
473,1779561860187,516,13953,,,,14469
474,1779561860212,521,13412,,,,13933
475,1779561860235,444,12694,,,,13138
476,1779561860259,464,13912,,,,14376
477,1779561860284,450,14114,,,,14564
478,1779561860307,469,12828,,,,13297
479,1779561860331,457,12747,,,,13204
480,1779561860354,459,12825,,,,13284
481,1779561860379,474,13944,,,,14418
482,1779561860402,517,12693,,,,13210
483,1779561860426,442,12773,,,,13215
484,1779561860451,513,14274,,,,14787
485,1779561860474,500,12715,,,,13215
486,1779561860497,463,12768,,,,13231
487,1779561860522,547,13676,,,,14223
488,1779561861579,521,13559,632486,8,78,646652
489,1779561862838,471,16862,641644,9,,658986
490,1779561862851,351,12825,,,,13176
491,1779561862874,461,12692,,,,13153
492,1779561862898,459,12852,,,,13311
493,1779561862922,511,13845,,,,14356
494,1779561862945,488,12764,,,,13252
495,1779561862970,523,13772,,,,14295
496,1779561862993,457,12951,,,,13408
497,1779561863018,533,13797,,,,14330
498,1779561863041,514,12852,,,,13366
499,1779561863065,460,12668,,,,13128
500,1779561863089,509,13974,,,,14483
501,1779561863113,468,13154,,,,13622
502,1779561863137,447,12704,,,,13151
503,1779561863160,457,12679,,,,13136
504,1779561863184,521,13249,,,,13770
505,1779561863207,394,12734,,,,13128
506,1779561863231,455,12727,,,,13182
507,1779561863255,510,13791,,,,14301
508,1779561863278,521,12722,,,,13243
509,1779561863303,535,13575,,,,14110
510,1779561863327,402,13900,,,,14302
511,1779561863351,516,12732,,,,13248
512,1779561863375,524,13803,,,,14327
513,1779561863400,516,14307,,,,14823
514,1779561863423,504,12772,,,,13276
515,1779561863447,418,12748,,,,13166
516,1779561863470,479,12739,,,,13218
517,1779561863493,448,12810,,,,13258
518,1779561863518,509,14209,,,,14718
519,1779561863542,518,12706,,,,13224
520,1779561863565,451,12770,,,,13221
521,1779561863589,582,13088,,,,13670
522,1779561863612,455,12688,,,,13143
523,1779561863637,1461,12783,,,,14244
524,1779561863661,522,13403,,,,13925
525,1779561863685,446,13372,,,,13818
526,1779561863708,434,12692,,,,13126
527,1779561863731,498,12725,,,,13223
528,1779561863756,519,13894,,,,14413
529,1779561863779,484,12739,,,,13223
530,1779561863803,446,12859,,,,13305
531,1779561863826,515,12891,,,,13406
532,1779561863850,489,12850,,,,13339
533,1779561863874,499,13769,,,,14268
534,1779561863899,535,14304,,,,14839
535,1779561863924,504,14250,,,,14754
536,1779561863948,497,12792,,,,13289
537,1779561863971,454,12743,,,,13197
538,1779561863996,516,14407,,,,14923
539,1779561864019,506,12716,,,,13222
540,1779561864680,466,12733,637063,8,,650270
541,1779561865327,403,13551,632958,9,,646921
542,1779561865972,359,12784,632276,9,,645428
543,1779561866620,348,12811,634313,8,,647480
544,1779561867264,351,13596,630451,10,,644408
545,1779561867912,745,13254,633722,9,62,647792
546,1779561872926,468,13000,,,,13468
547,1779561872950,501,13674,,,,14175
548,1779561872974,512,13199,,,,13711
549,1779561872997,428,12715,,,,13143
550,1779561873022,516,13995,,,,14511
551,1779561873047,492,13842,,,,14334
552,1779561873071,526,13712,,,,14238
553,1779561873094,454,12704,,,,13158
554,1779561873119,532,13713,,,,14245
555,1779561873142,498,12798,,,,13296
556,1779561873166,438,12919,,,,13357
557,1779561873189,440,12682,,,,13122
558,1779561873212,464,12695,,,,13159
559,1779561873237,512,13742,,,,14254
560,1779561873260,477,12673,,,,13150
561,1779561873285,514,14021,,,,14535
562,1779561873308,469,12877,,,,13346
563,1779561873331,458,12803,,,,13261
564,1779561873356,513,13346,,,,13859
565,1779561873380,513,13879,,,,14392
566,1779561873403,482,12690,,,,13172
567,1779561873427,444,12856,,,,13300
568,1779561873451,508,13867,,,,14375
569,1779561873476,506,13859,,,,14365
570,1779561873501,489,14151,,,,14640
571,1779561873524,506,12813,,,,13319
572,1779561873548,579,13146,,,,13725
573,1779561873573,519,14024,,,,14543
574,1779561873596,507,12662,,,,13169
575,1779561873621,510,14120,,,,14630
576,1779561873645,511,13814,,,,14325
577,1779561873669,484,12739,,,,13223
578,1779561873693,861,13248,,,,14109
579,1779561873717,771,13265,,,,14036
580,1779561873741,517,13754,,,,14271
581,1779561873765,478,12667,,,,13145
582,1779561873789,497,13832,,,,14329
583,1779561873814,481,13852,,,,14333
584,1779561873838,515,14010,,,,14525
585,1779561873862,517,12747,,,,13264
586,1779561873886,496,13850,,,,14346
587,1779561873911,512,13700,,,,14212
588,1779561873934,482,12818,,,,13300
589,1779561873958,742,12763,,,,13505
590,1779561873981,513,12769,,,,13282
591,1779561874005,467,13465,,,,13932
592,1779561874029,426,12804,,,,13230
593,1779561874053,529,13484,,,,14013
594,1779561874076,513,12745,,,,13258
595,1779561874101,464,13788,,,,14252
596,1779561874124,484,12803,,,,13287
597,1779561874148,567,13601,,,,14168
598,1779561874172,515,13119,,,,13634
599,1779561874195,427,12728,,,,13155
600,1779561874219,440,12734,,,,13174
601,1779561874244,468,14167,,,,14635
602,1779561874267,491,13038,,,,13529
603,1779561874291,445,12702,,,,13147
604,1779561874315,1338,12934,,,,14272
605,1779561874339,506,12836,,,,13342
606,1779561874363,1194,12726,,,,13920
607,1779561874387,500,13418,,,,13918
608,1779561874410,372,12814,,,,13186
609,1779561874434,491,12834,,,,13325
610,1779561874458,800,13264,,,,14064
611,1779561874482,515,13630,,,,14145
612,1779561874506,474,12696,,,,13170
613,1779561874529,462,12749,,,,13211
614,1779561874553,1099,13104,,,,14203
615,1779561874578,511,14081,,,,14592
616,1779561874601,488,12708,,,,13196
617,1779561874625,463,12713,,,,13176
618,1779561874649,870,12725,,,,13595
619,1779561874676,519,17147,,,,17666
620,1779561874708,431,21395,,,,21826
621,1779561874740,489,20887,,,,21376
622,1779561874771,478,20750,,,,21228
623,1779561874795,463,12729,,,,13192
624,1779561874820,523,14120,,,,14643
625,1779561874844,499,13461,,,,13960
626,1779561874867,430,13180,,,,13610
627,1779561874891,422,12711,,,,13133
628,1779561874916,515,14048,,,,14563
629,1779561874939,506,12894,,,,13400
630,1779561874962,466,12698,,,,13164
631,1779561874987,529,13591,,,,14120
632,1779561875010,525,12865,,,,13390
633,1779561875034,465,12890,,,,13355
634,1779561875058,505,13999,,,,14504
635,1779561875082,529,12822,,,,13351
636,1779561875105,453,12748,,,,13201
637,1779561875129,459,12682,,,,13141
638,1779561875152,448,12773,,,,13221
639,1779561875175,516,12753,,,,13269
640,1779561875199,452,12708,,,,13160
641,1779561875223,541,13789,,,,14330
642,1779561875246,483,12711,,,,13194
643,1779561875271,1172,13015,,,,14187
644,1779561875294,564,12778,,,,13342
645,1779561875319,494,14247,,,,14741
646,1779561875344,494,14251,,,,14745
647,1779561875367,492,12715,,,,13207
648,1779561875391,909,12753,,,,13662
649,1779561875415,521,13373,,,,13894
650,1779561875439,441,13135,,,,13576
651,1779561875462,456,12707,,,,13163
652,1779561875487,1325,12735,,,,14060
653,1779561875510,533,12776,,,,13309
654,1779561875534,441,12859,,,,13300
655,1779561875558,900,13346,,,,14246
656,1779561875582,476,13843,,,,14319
657,1779561875606,527,12743,,,,13270
658,1779561875629,379,12757,,,,13136
659,1779561875653,517,13499,,,,14016
660,1779561875677,515,12696,,,,13211
661,1779561875700,448,12691,,,,13139
662,1779561875725,515,14196,,,,14711
663,1779561875749,510,13785,,,,14295
664,1779561875773,486,12757,,,,13243
665,1779561875796,464,12695,,,,13159
666,1779561875820,709,13164,,,,13873
667,1779561875844,518,12888,,,,13406
668,1779561875868,608,13161,,,,13769
669,1779561875892,520,13712,,,,14232
670,1779561875915,489,12748,,,,13237
671,1779561875939,454,12834,,,,13288
672,1779561875963,892,12718,,,,13610
673,1779561875988,532,14323,,,,14855
674,1779561876011,493,13153,,,,13646
675,1779561876035,433,12859,,,,13292
676,1779561876059,500,13854,,,,14354
677,1779561876084,513,13876,,,,14389
678,1779561876107,518,12734,,,,13252
679,1779561876131,458,12729,,,,13187
680,1779561876155,532,13474,,,,14006
681,1779561876178,446,12701,,,,13147
682,1779561876203,510,14279,,,,14789
683,1779561876227,500,12876,,,,13376
684,1779561876251,485,13642,,,,14127
685,1779561876274,475,12735,,,,13210
686,1779561876298,464,13159,,,,13623
687,1779561876322,492,13775,,,,14267
688,1779561876346,497,12820,,,,13317
689,1779561876369,468,12759,,,,13227
690,1779561876393,518,13416,,,,13934
691,1779561876417,368,12689,,,,13057
692,1779561877075,460,12840,634534,9,77,647920
693,1779561882109,961,33316,,,,34277
694,1779561882146,605,26504,,,,27109
695,1779561882183,772,25666,,,,26438
696,1779561882208,666,14068,,,,14734
697,1779561882232,512,13651,,,,14163
698,1779561882256,373,12868,,,,13241
699,1779561882280,510,13646,,,,14156
700,1779561882305,514,14302,,,,14816
701,1779561882329,450,12962,,,,13412
702,1779561882352,463,12747,,,,13210
703,1779561882376,516,12980,,,,13496
704,1779561882399,434,12878,,,,13312
705,1779561882423,435,13052,,,,13487
706,1779561882446,479,12715,,,,13194
707,1779561882471,508,14111,,,,14619
708,1779561882495,506,13915,,,,14421
709,1779561882519,503,12765,,,,13268
710,1779561882543,1350,12783,,,,14133
711,1779561882568,512,14079,,,,14591
712,1779561882593,514,14290,,,,14804
713,1779561882616,500,12706,,,,13206
714,1779561882640,439,12781,,,,13220
715,1779561882664,514,13321,,,,13835
716,1779561882687,405,12764,,,,13169
717,1779561882711,534,13387,,,,13921
718,1779561882736,519,13991,,,,14510
719,1779561882759,476,12859,,,,13335
720,1779561882783,545,13316,,,,13861
721,1779561882808,488,13964,,,,14452
722,1779561882831,513,12993,,,,13506
723,1779561882855,450,12813,,,,13263
724,1779561882879,1441,12771,,,,14212
725,1779561882903,517,13553,,,,14070
726,1779561882927,409,12853,,,,13262
727,1779561882951,496,13935,,,,14431
728,1779561882975,513,12869,,,,13382
729,1779561882998,449,12877,,,,13326
730,1779561883022,491,12750,,,,13241
731,1779561883046,505,14011,,,,14516
732,1779561883070,530,12917,,,,13447
733,1779561883093,471,12766,,,,13237
734,1779561884153,457,12722,636074,9,253,649515
735,1779561885403,467,13014,636714,9,,650204
736,1779561886050,353,13927,632769,9,,647058
737,1779561886700,348,13026,635927,9,,649310
738,1779561887347,381,14061,632197,9,,646648
739,1779561887992,423,13355,632087,9,,645874
740,1779561888640,350,12937,633868,9,,647164
741,1779561889284,349,13610,630235,9,,644203
742,1779561889929,348,14041,630470,9,,644868
743,1779561890574,352,13845,630370,8,,644575
744,1779561891219,365,13910,629068,8,,643351
745,1779561891867,347,12817,634811,8,,647983
746,1779561892514,348,12843,632902,9,,646102
747,1779561893159,349,13033,631538,9,252,645181
748,1779561899253,546,23799,669173,9,80,693607
749,1779561900512,477,14075,644997,9,,659558
750,1779561901164,422,13387,638064,9,,651882
751,1779561901179,348,14341,,,,14689
752,1779561901202,512,12706,,,,13218
753,1779561901225,453,12754,,,,13207
754,1779561901249,513,12806,,,,13319
755,1779561901272,477,12720,,,,13197
756,1779561901296,531,13392,,,,13923
757,1779561901321,502,14180,,,,14682
758,1779561901346,498,13856,,,,14354
759,1779561901369,484,12756,,,,13240
760,1779561901393,854,12725,,,,13579
761,1779561901417,500,13343,,,,13843
762,1779561901440,450,12931,,,,13381
763,1779561901464,448,12706,,,,13154
764,1779561901488,519,13993,,,,14512
765,1779561901512,476,13515,,,,13991
766,1779561901536,420,12711,,,,13131
767,1779561901559,545,13161,,,,13706
768,1779561901584,515,13631,,,,14146
769,1779561901607,439,12769,,,,13208
770,1779561901631,741,13203,,,,13944
771,1779561901656,511,13952,,,,14463
772,1779561901679,457,12724,,,,13181
773,1779561901703,516,13317,,,,13833
774,1779561901728,498,14069,,,,14567
775,1779561901752,481,13945,,,,14426
776,1779561901776,519,13311,,,,13830
777,1779561901800,394,12744,,,,13138
778,1779561901824,516,13859,,,,14375
779,1779561901848,493,13082,,,,13575
780,1779561901871,424,12767,,,,13191
781,1779561901896,530,13732,,,,14262
782,1779561901919,517,12855,,,,13372
783,1779561901943,453,12736,,,,13189
784,1779561901966,466,12722,,,,13188
785,1779561901991,515,14358,,,,14873
786,1779561902014,500,12845,,,,13345
787,1779561902039,466,13454,,,,13920
788,1779561902062,473,12717,,,,13190
789,1779561902086,514,13782,,,,14296
790,1779561902110,508,12785,,,,13293
791,1779561902134,466,13536,,,,14002
792,1779561902157,429,12698,,,,13127
793,1779561902180,449,12696,,,,13145
794,1779561902205,526,13981,,,,14507
795,1779561902229,504,13360,,,,13864
796,1779561902252,382,12734,,,,13116
797,1779561902276,539,13120,,,,13659
798,1779561902300,524,12827,,,,13351
799,1779561902323,463,12953,,,,13416
800,1779561902348,503,14305,,,,14808
801,1779561902372,468,12766,,,,13234
802,1779561902395,459,12766,,,,13225
803,1779561902419,526,12775,,,,13301
804,1779561902442,481,12719,,,,13200
805,1779561902466,983,13266,,,,14249
806,1779561902491,528,13826,,,,14354
807,1779561902514,485,12862,,,,13347
808,1779561902538,484,12721,,,,13205
809,1779561902562,826,12776,,,,13602
810,1779561902586,475,13784,,,,14259
811,1779561902609,515,12862,,,,13377
812,1779561902633,442,12709,,,,13151
813,1779561902656,513,12681,,,,13194
814,1779561902681,475,13960,,,,14435
815,1779561902706,502,14225,,,,14727
816,1779561902730,495,14132,,,,14627
817,1779561902755,534,13704,,,,14238
818,1779561902778,501,12730,,,,13231
819,1779561902801,469,12733,,,,13202
820,1779561902825,570,13154,,,,13724
821,1779561902849,516,12701,,,,13217
822,1779561902872,469,12703,,,,13172
823,1779561902895,470,12743,,,,13213
824,1779561902920,514,13572,,,,14086
825,1779561902943,402,12714,,,,13116
826,1779561902966,467,12703,,,,13170
827,1779561902990,513,13336,,,,13849
828,1779561903013,389,12732,,,,13121
829,1779561903039,1489,13395,,,,14884
830,1779561903062,401,12700,,,,13101
831,1779561903086,500,13533,,,,14033
832,1779561903109,423,12832,,,,13255
833,1779561903133,463,12691,,,,13154
834,1779561903158,518,14220,,,,14738
835,1779561903181,502,12808,,,,13310
836,1779561903204,441,12724,,,,13165
837,1779561903228,499,13344,,,,13843
838,1779561903252,375,12746,,,,13121
839,1779561903275,464,12764,,,,13228
840,1779561903298,462,12749,,,,13211
841,1779561903323,551,14248,,,,14799
842,1779561903347,502,12857,,,,13359
843,1779561903370,459,12923,,,,13382
844,1779561903395,588,14154,,,,14742
845,1779561903419,489,13408,,,,13897
846,1779561903443,446,13212,,,,13658
847,1779561903466,406,12722,,,,13128
848,1779561903491,533,14164,,,,14697
849,1779561903515,490,13422,,,,13912
850,1779561903539,452,12735,,,,13187
851,1779561903563,520,13675,,,,14195
852,1779561903587,515,12845,,,,13360
853,1779561903610,524,12735,,,,13259
854,1779561903634,670,13240,,,,13910
855,1779561903658,526,13648,,,,14174
856,1779561904715,448,12885,632546,9,77,645965
857,1779561905981,451,13198,652943,9,,666601
858,1779561905996,353,14877,,,,15230
859,1779561906020,416,12747,,,,13163
860,1779561906044,1397,12833,,,,14230
861,1779561906069,573,13774,,,,14347
862,1779561906094,520,14414,,,,14934
863,1779561906117,509,12951,,,,13460
864,1779561906141,462,12710,,,,13172
865,1779561906164,519,13167,,,,13686
866,1779561906188,450,12694,,,,13144
867,1779561906211,487,12994,,,,13481
868,1779561906235,510,13068,,,,13578
869,1779561906259,459,13124,,,,13583
870,1779561906282,460,12905,,,,13365
871,1779561906306,480,12719,,,,13199
872,1779561906332,515,15775,,,,16290
873,1779561906356,583,13151,,,,13734
874,1779561906381,518,13841,,,,14359
875,1779561906404,385,12700,,,,13085
876,1779561906429,649,13744,,,,14393
877,1779561906453,512,14012,,,,14524
878,1779561906476,368,12676,,,,13044
879,1779561906501,508,14147,,,,14655
880,1779561906526,517,14233,,,,14750
881,1779561906550,481,12769,,,,13250
882,1779561906574,1045,12771,,,,13816
883,1779561906598,520,14022,,,,14542
884,1779561906622,448,13551,,,,13999
885,1779561906646,468,12716,,,,13184
886,1779561906670,443,13556,,,,13999
887,1779561906694,506,13303,,,,13809
888,1779561906717,468,12744,,,,13212
889,1779561907378,463,12729,637270,9,,650471
890,1779561908028,348,12793,636596,9,,649746
891,1779561908677,533,13238,635572,9,,649352
892,1779561909326,351,12756,635217,9,,648333
893,1779561909974,352,14405,633659,9,,648425
894,1779561910623,349,13748,635320,9,,649426
895,1779561910638,351,14522,,,,14873
896,1779561910662,458,12733,,,,13191
897,1779561910686,491,13193,,,,13684
898,1779561910710,515,13380,,,,13895
899,1779561910733,465,12776,,,,13241
900,1779561910757,530,13261,,,,13791
901,1779561910780,458,12711,,,,13169
902,1779561910804,562,13272,,,,13834
903,1779561910829,538,14374,,,,14912
904,1779561910854,496,13436,,,,13932
905,1779561910877,448,12703,,,,13151
906,1779561910901,512,13910,,,,14422
907,1779561910925,375,12791,,,,13166
908,1779561910949,511,13515,,,,14026
909,1779561910973,437,13319,,,,13756
910,1779561910996,464,12718,,,,13182
911,1779561911020,610,13169,,,,13779
912,1779561911044,603,13136,,,,13739
913,1779561911068,513,13068,,,,13581
914,1779561911091,461,12801,,,,13262
915,1779561911115,592,13256,,,,13848
916,1779561911139,514,13567,,,,14081
917,1779561911163,429,12858,,,,13287
918,1779561911186,433,12744,,,,13177
919,1779561911210,620,13246,,,,13866
920,1779561911235,495,14334,,,,14829
921,1779561911259,490,12829,,,,13319
922,1779561911282,478,12775,,,,13253
923,1779561911308,514,14741,,,,15255
924,1779561911331,493,13238,,,,13731
925,1779561911356,1188,13028,,,,14216
926,1779561911380,1412,12782,,,,14194
927,1779561911404,515,12922,,,,13437
928,1779561912064,469,12836,635855,9,57,649226
929,1779561918122,449,13986,643412,9,80,657936
930,1779561919412,588,26394,662987,9,,689978
931,1779561919425,349,12986,,,,13335
932,1779561919448,463,12706,,,,13169
933,1779561919472,973,12720,,,,13693
934,1779561919496,515,13011,,,,13526
935,1779561919519,421,12755,,,,13176
936,1779561919543,644,13156,,,,13800
937,1779561919568,519,14057,,,,14576
938,1779561919591,503,12761,,,,13264
939,1779561919615,449,12730,,,,13179
940,1779561919639,540,13462,,,,14002
941,1779561919663,515,13820,,,,14335
942,1779561919687,484,12767,,,,13251
943,1779561919711,486,13944,,,,14430
944,1779561919736,519,14069,,,,14588
945,1779561919761,518,14024,,,,14542
946,1779561919784,484,12696,,,,13180
947,1779561919807,451,12736,,,,13187
948,1779561919831,585,13363,,,,13948
949,1779561919855,510,12748,,,,13258
950,1779561919878,464,12694,,,,13158
951,1779561919903,527,13923,,,,14450
952,1779561919926,519,12805,,,,13324
953,1779561919950,432,12771,,,,13203
954,1779561919973,464,12696,,,,13160
955,1779561919997,509,13803,,,,14312
956,1779561920021,508,12720,,,,13228
957,1779561920044,463,12689,,,,13152
958,1779561920069,512,14036,,,,14548
959,1779561920093,510,13480,,,,13990
960,1779561920116,444,12647,,,,13091
961,1779561920141,522,14035,,,,14557
962,1779561920165,518,13391,,,,13909
963,1779561920188,362,12673,,,,13035
964,1779561920212,469,12746,,,,13215
965,1779561920235,521,12881,,,,13402
966,1779561920259,465,12837,,,,13302
967,1779561920282,482,12717,,,,13199
968,1779561920307,510,13962,,,,14472
969,1779561920331,531,13971,,,,14502
970,1779561920355,467,12693,,,,13160
971,1779561920379,862,13211,,,,14073
972,1779561920403,529,13777,,,,14306
973,1779561920427,477,12815,,,,13292
974,1779561920450,487,12718,,,,13205
975,1779561920473,462,12739,,,,13201
976,1779561920497,513,12790,,,,13303
977,1779561920520,466,12684,,,,13150
978,1779561920545,510,14145,,,,14655
979,1779561920569,484,13867,,,,14351
980,1779561920594,507,14030,,,,14537
981,1779561920618,511,12772,,,,13283
982,1779561920642,508,13784,,,,14292
983,1779561920666,510,13231,,,,13741
984,1779561920689,417,12887,,,,13304
985,1779561920713,469,12685,,,,13154
986,1779561920737,526,13324,,,,13850
987,1779561920760,509,12732,,,,13241
988,1779561920784,463,12842,,,,13305
989,1779561920808,482,13611,,,,14093
990,1779561920833,513,14126,,,,14639
991,1779561921488,478,13522,631602,8,,645610
992,1779561922136,348,14253,633138,8,,647747
993,1779561922783,415,13003,633750,8,,647176
994,1779561923430,348,12729,633066,10,,646153
995,1779561923444,712,13334,,,,14046
996,1779561923467,508,12847,,,,13355
997,1779561923491,456,12730,,,,13186
998,1779561923514,494,12695,,,,13189
999,1779561923538,511,13048,,,,13559
1000,1779561923561,447,12801,,,,13248
1001,1779561923586,1365,12906,,,,14271
1002,1779561924242,513,14152,631407,11,92,646175
1003,1779561930342,585,27172,671779,9,72,699617
1004,1779561931587,465,13232,631267,9,,644973
1005,1779561932233,348,12724,633196,9,,646277
1006,1779561932881,350,12885,634054,8,,647297
1007,1779561933524,395,12789,630437,8,,643629
1008,1779561934171,353,13789,632248,9,,646399
1009,1779561934818,349,12780,633270,8,63,646470
1010,1779561940925,615,27151,678893,8,84,706751
